{"accuracy": 0.8826086956521739, "roc_auc": 0.9448051948051949, "classification_report": "              precision    recall  f1-score   support\n\n           0       0.84      0.90      0.87        98\n           1       0.92      0.87      0.89       132\n\n    accuracy                           0.88       230\n   macro avg       0.88      0.88      0.88       230\nweighted avg       0.89      0.88      0.88       230\n", "precision": [0.5739130434782609, 0.5764192139737991, 0.5789473684210527, 0.5814977973568282, 0.584070796460177, 0.5866666666666667, 0.5892857142857143, 0.5919282511210763, 0.5945945945945946, 0.5972850678733032, 0.6, 0.6027397260273972, 0.6055045871559633, 0.6082949308755761, 0.6111111111111112, 0.6139534883720931, 0.616822429906542, 0.6197183098591549, 0.6226415094339622, 0.6255924170616114, 0.6285714285714286, 0.631578947368421, 0.6346153846153846, 0.6376811594202898, 0.6407766990291263, 0.6439024390243903, 0.6421568627450981, 0.645320197044335, 0.6485148514851485, 0.6517412935323383, 0.655, 0.6582914572864321, 0.6616161616161617, 0.6649746192893401, 0.6683673469387755, 0.6717948717948717, 0.6752577319587629, 0.6735751295336787, 0.6770833333333334, 0.680628272251309, 0.6842105263157895, 0.6878306878306878, 0.6914893617021277, 0.6951871657754011, 0.6989247311827957, 0.7027027027027027, 0.7065217391304348, 0.7103825136612022, 0.7142857142857143, 0.7182320441988951, 0.7222222222222222, 0.7262569832402235, 0.7303370786516854, 0.7344632768361582, 0.7386363636363636, 0.7428571428571429, 0.7471264367816092, 0.7514450867052023, 0.7558139534883721, 0.7543859649122807, 0.7588235294117647, 0.7633136094674556, 0.7678571428571429, 0.7724550898203593, 0.7771084337349398, 0.7818181818181819, 0.7865853658536586, 0.7914110429447853, 0.7962962962962963, 0.7950310559006211, 0.8, 0.8050314465408805, 0.810126582278481, 0.8152866242038217, 0.8205128205128205, 0.8193548387096774, 0.8181818181818182, 0.8235294117647058, 0.8289473684210527, 0.8344370860927153, 0.8333333333333334, 0.8389261744966443, 0.8445945945945946, 0.8503401360544217, 0.8561643835616438, 0.8551724137931035, 0.8541666666666666, 0.8601398601398601, 0.8661971830985915, 0.8652482269503546, 0.8642857142857143, 0.8705035971223022, 0.8768115942028986, 0.8832116788321168, 0.8897058823529411, 0.8888888888888888, 0.8955223880597015, 0.8947368421052632, 0.8939393939393939, 0.9007633587786259, 0.9, 0.8992248062015504, 0.8984375, 0.905511811023622, 0.9126984126984127, 0.92, 0.9193548387096774, 0.9186991869918699, 0.9180327868852459, 0.9173553719008265, 0.925, 0.9243697478991597, 0.923728813559322, 0.9230769230769231, 0.9224137931034483, 0.9304347826086956, 0.9385964912280702, 0.9380530973451328, 0.9375, 0.9369369369369369, 0.9363636363636364, 0.944954128440367, 0.9444444444444444, 0.9439252336448598, 0.9433962264150944, 0.9428571428571428, 0.9423076923076923, 0.941747572815534, 0.9411764705882353, 0.9504950495049505, 0.95, 0.9494949494949495, 0.9489795918367347, 0.9484536082474226, 0.9479166666666666, 0.9473684210526315, 0.9468085106382979, 0.946236559139785, 0.9456521739130435, 0.945054945054945, 0.9444444444444444, 0.9550561797752809, 0.9545454545454546, 0.9540229885057471, 0.9534883720930233, 0.9529411764705882, 0.9523809523809523, 0.9518072289156626, 0.9512195121951219, 0.9506172839506173, 0.9625, 0.9620253164556962, 0.9615384615384616, 0.974025974025974, 0.9736842105263158, 0.9733333333333334, 0.972972972972973, 0.9726027397260274, 0.9722222222222222, 0.971830985915493, 0.9714285714285714, 0.9855072463768116, 0.9852941176470589, 0.9850746268656716, 0.9848484848484849, 0.9846153846153847, 0.984375, 0.9841269841269841, 0.9838709677419355, 1.0, 1.0, 1.0, 1.0, 1.0, 1.0, 1.0, 1.0, 1.0, 1.0, 1.0, 1.0, 1.0, 1.0, 1.0, 1.0, 1.0, 1.0, 1.0, 1.0, 1.0, 1.0, 1.0, 1.0, 1.0, 1.0, 1.0, 1.0, 1.0, 1.0, 1.0, 1.0, 1.0, 1.0, 1.0, 1.0, 1.0, 1.0, 1.0, 1.0, 1.0, 1.0, 1.0, 1.0, 1.0, 1.0, 1.0, 1.0, 1.0, 1.0, 1.0, 1.0, 1.0, 1.0, 1.0, 1.0, 1.0, 1.0, 1.0, 1.0, 1.0, 1.0], "recall": [1.0, 1.0, 1.0, 1.0, 1.0, 1.0, 1.0, 1.0, 1.0, 1.0, 1.0, 1.0, 1.0, 1.0, 1.0, 1.0, 1.0, 1.0, 1.0, 1.0, 1.0, 1.0, 1.0, 1.0, 1.0, 1.0, 0.9924242424242424, 0.9924242424242424, 0.9924242424242424, 0.9924242424242424, 0.9924242424242424, 0.9924242424242424, 0.9924242424242424, 0.9924242424242424, 0.9924242424242424, 0.9924242424242424, 0.9924242424242424, 0.9848484848484849, 0.9848484848484849, 0.9848484848484849, 0.9848484848484849, 0.9848484848484849, 0.9848484848484849, 0.9848484848484849, 0.9848484848484849, 0.9848484848484849, 0.9848484848484849, 0.9848484848484849, 0.9848484848484849, 0.9848484848484849, 0.9848484848484849, 0.9848484848484849, 0.9848484848484849, 0.9848484848484849, 0.9848484848484849, 0.9848484848484849, 0.9848484848484849, 0.9848484848484849, 0.9848484848484849, 0.9772727272727273, 0.9772727272727273, 0.9772727272727273, 0.9772727272727273, 0.9772727272727273, 0.9772727272727273, 0.9772727272727273, 0.9772727272727273, 0.9772727272727273, 0.9772727272727273, 0.9696969696969697, 0.9696969696969697, 0.9696969696969697, 0.9696969696969697, 0.9696969696969697, 0.9696969696969697, 0.9621212121212122, 0.9545454545454546, 0.9545454545454546, 0.9545454545454546, 0.9545454545454546, 0.946969696969697, 0.946969696969697, 0.946969696969697, 0.946969696969697, 0.946969696969697, 0.9393939393939394, 0.9318181818181818, 0.9318181818181818, 0.9318181818181818, 0.9242424242424242, 0.9166666666666666, 0.9166666666666666, 0.9166666666666666, 0.9166666666666666, 0.9166666666666666, 0.9090909090909091, 0.9090909090909091, 0.9015151515151515, 0.8939393939393939, 0.8939393939393939, 0.8863636363636364, 0.8787878787878788, 0.8712121212121212, 0.8712121212121212, 0.8712121212121212, 0.8712121212121212, 0.8636363636363636, 0.8560606060606061, 0.8484848484848485, 0.8409090909090909, 0.8409090909090909, 0.8333333333333334, 0.8257575757575758, 0.8181818181818182, 0.8106060606060606, 0.8106060606060606, 0.8106060606060606, 0.803030303030303, 0.7954545454545454, 0.7878787878787878, 0.7803030303030303, 0.7803030303030303, 0.7727272727272727, 0.7651515151515151, 0.7575757575757576, 0.75, 0.7424242424242424, 0.7348484848484849, 0.7272727272727273, 0.7272727272727273, 0.7196969696969697, 0.7121212121212122, 0.7045454545454546, 0.696969696969697, 0.6893939393939394, 0.6818181818181818, 0.6742424242424242, 0.6666666666666666, 0.6590909090909091, 0.6515151515151515, 0.6439393939393939, 0.6439393939393939, 0.6363636363636364, 0.6287878787878788, 0.6212121212121212, 0.6136363636363636, 0.6060606060606061, 0.5984848484848485, 0.5909090909090909, 0.5833333333333334, 0.5833333333333334, 0.5757575757575758, 0.5681818181818182, 0.5681818181818182, 0.5606060606060606, 0.553030303030303, 0.5454545454545454, 0.5378787878787878, 0.5303030303030303, 0.5227272727272727, 0.5151515151515151, 0.5151515151515151, 0.5075757575757576, 0.5, 0.49242424242424243, 0.48484848484848486, 0.4772727272727273, 0.4696969696969697, 0.4621212121212121, 0.4621212121212121, 0.45454545454545453, 0.44696969696969696, 0.4393939393939394, 0.4318181818181818, 0.42424242424242425, 0.4166666666666667, 0.4090909090909091, 0.4015151515151515, 0.3939393939393939, 0.38636363636363635, 0.3787878787878788, 0.3712121212121212, 0.36363636363636365, 0.3560606060606061, 0.3484848484848485, 0.3409090909090909, 0.3333333333333333, 0.32575757575757575, 0.3181818181818182, 0.3106060606060606, 0.30303030303030304, 0.29545454545454547, 0.2878787878787879, 0.2803030303030303, 0.2727272727272727, 0.26515151515151514, 0.25757575757575757, 0.25, 0.24242424242424243, 0.23484848484848486, 0.22727272727272727, 0.2196969696969697, 0.21212121212121213, 0.20454545454545456, 0.19696969696969696, 0.1893939393939394, 0.18181818181818182, 0.17424242424242425, 0.16666666666666666, 0.1590909090909091, 0.15151515151515152, 0.14393939393939395, 0.13636363636363635, 0.12878787878787878, 0.12121212121212122, 0.11363636363636363, 0.10606060606060606, 0.09848484848484848, 0.09090909090909091, 0.08333333333333333, 0.07575757575757576, 