{"accuracy": 0.8641304347826086, "roc_auc": 0.9430149289962374, "classification_report": "              precision    recall  f1-score   support\n\n           0       0.82      0.87      0.84        77\n           1       0.90      0.86      0.88       107\n\n    accuracy                           0.86       184\n   macro avg       0.86      0.86      0.86       184\nweighted avg       0.87      0.86      0.86       184\n", "precision": [0.5815217391304348, 0.5846994535519126, 0.5911602209944752, 0.5944444444444444, 0.5977653631284916, 0.601123595505618, 0.6079545454545454, 0.6114285714285714, 0.6149425287356322, 0.6184971098265896, 0.622093023255814, 0.6294117647058823, 0.6309523809523809, 0.6347305389221557, 0.6385542168674698, 0.6424242424242425, 0.6463414634146342, 0.6503067484662577, 0.654320987654321, 0.6583850931677019, 0.6625, 0.6708860759493671, 0.6751592356687898, 0.6794871794871795, 0.6838709677419355, 0.6883116883116883, 0.6928104575163399, 0.6973684210526315, 0.7019867549668874, 0.7066666666666667, 0.7114093959731543, 0.7162162162162162, 0.7142857142857143, 0.7123287671232876, 0.7172413793103448, 0.7222222222222222, 0.7272727272727273, 0.7323943661971831, 0.7375886524822695, 0.7428571428571429, 0.7482014388489209, 0.7536231884057971, 0.7518248175182481, 0.7573529411764706, 0.762962962962963, 0.7686567164179104, 0.7744360902255639, 0.7803030303030303, 0.7862595419847328, 0.7923076923076923, 0.7984496124031008, 0.796875, 0.8031496062992126, 0.8095238095238095, 0.816, 0.8225806451612904, 0.8292682926829268, 0.8360655737704918, 0.8347107438016529, 0.8416666666666667, 0.8487394957983193, 0.8559322033898306, 0.8547008547008547, 0.8620689655172413, 0.8695652173913043, 0.868421052631579, 0.8761061946902655, 0.8839285714285714, 0.8918918918918919, 0.8909090909090909, 0.8990825688073395, 0.8981481481481481, 0.897196261682243, 0.8962264150943396, 0.8952380952380953, 0.8942307692307693, 0.9029126213592233, 0.9019607843137255, 0.900990099009901, 0.9, 0.898989898989899, 0.9081632653061225, 0.9072164948453608, 0.90625, 0.9052631578947369, 0.9148936170212766, 0.9139784946236559, 0.9239130434782609, 0.9340659340659341, 0.9333333333333333, 0.9325842696629213, 0.9431818181818182, 0.9425287356321839, 0.9418604651162791, 0.9529411764705882, 0.9642857142857143, 0.963855421686747, 0.9634146341463414, 0.9629629629629629, 0.975, 0.9746835443037974, 0.9743589743589743, 0.974025974025974, 0.9736842105263158, 0.9733333333333334, 0.972972972972973, 0.9726027397260274, 0.9722222222222222, 0.971830985915493, 0.9714285714285714, 0.9710144927536232, 0.9705882352941176, 0.9701492537313433, 0.9696969696969697, 0.9846153846153847, 0.9841269841269841, 0.9838709677419355, 0.9836065573770492, 0.9833333333333333, 0.9830508474576272, 0.9827586206896551, 0.9824561403508771, 0.9821428571428571, 0.9818181818181818, 1.0, 1.0, 1.0, 1.0, 1.0, 1.0, 1.0, 1.0, 1.0, 1.0, 1.0, 1.0, 1.0, 1.0, 1.0, 1.0, 1.0, 1.0, 1.0, 1.0, 1.0, 1.0, 1.0, 1.0, 1.0, 1.0, 1.0, 1.0, 1.0, 1.0, 1.0, 1.0, 1.0, 1.0, 1.0, 1.0, 1.0, 1.0, 1.0, 1.0, 1.0, 1.0, 1.0, 1.0, 1.0, 1.0, 1.0, 1.0, 1.0, 1.0, 1.0, 1.0, 1.0], "recall": [1.0, 1.0, 1.0, 1.0, 1.0, 1.0, 1.0, 1.0, 1.0, 1.0, 1.0, 1.0, 0.9906542056074766, 0.9906542056074766, 0.9906542056074766, 0.9906542056074766, 0.9906542056074766, 0.9906542056074766, 0.9906542056074766, 0.9906542056074766, 0.9906542056074766, 0.9906542056074766, 0.9906542056074766, 0.9906542056074766, 0.9906542056074766, 0.9906542056074766, 0.9906542056074766, 0.9906542056074766, 0.9906542056074766, 0.9906542056074766, 0.9906542056074766, 0.9906542056074766, 0.9813084112149533, 0.9719626168224299, 0.9719626168224299, 0.9719626168224299, 0.9719626168224299, 0.9719626168224299, 0.9719626168224299, 0.9719626168224299, 0.9719626168224299, 0.9719626168224299, 0.9626168224299065, 0.9626168224299065, 0.9626168224299065, 0.9626168224299065, 0.9626168224299065, 0.9626168224299065, 0.9626168224299065, 0.9626168224299065, 0.9626168224299065, 0.9532710280373832, 0.9532710280373832, 0.9532710280373832, 0.9532710280373832, 0.9532710280373832, 0.9532710280373832, 0.9532710280373832, 0.9439252336448598, 0.9439252336448598, 0.9439252336448598, 0.9439252336448598, 0.9345794392523364, 0.9345794392523364, 0.9345794392523364, 0.9252336448598131, 0.9252336448598131, 0.9252336448598131, 0.9252336448598131, 0.9158878504672897, 0.9158878504672897, 0.9065420560747663, 0.897196261682243, 0.8878504672897196, 0.8785046728971962, 0.8691588785046729, 0.8691588785046729, 0.8598130841121495, 0.8504672897196262, 0.8411214953271028, 0.8317757009345794, 0.8317757009345794, 0.822429906542056, 0.8130841121495327, 0.8037383177570093, 0.8037383177570093, 0.794392523364486, 0.794392523364486, 0.794392523364486, 0.7850467289719626, 0.7757009345794392, 0.7757009345794392, 0.7663551401869159, 0.7570093457943925, 0.7570093457943925, 0.7570093457943925, 0.7476635514018691, 0.7383177570093458, 0.7289719626168224, 0.7289719626168224, 0.719626168224299, 0.7102803738317757, 0.7009345794392523, 0.6915887850467289, 0.6822429906542056, 0.6728971962616822, 0.6635514018691588, 0.6542056074766355, 0.6448598130841121, 0.6355140186915887, 0.6261682242990654, 0.616822429906542, 0.6074766355140186, 0.5981308411214953, 0.5981308411214953, 0.5794392523364486, 0.5700934579439252, 0.5607476635514018, 0.5514018691588785, 0.5420560747663551, 0.5327102803738317, 0.5233644859813084, 0.514018691588785, 0.5046728971962616, 0.5046728971962616, 0.4953271028037383, 0.48598130841121495, 0.4766355140186916, 0.4672897196261682, 0.45794392523364486, 0.4485981308411215, 0.4392523364485981, 0.42990654205607476, 0.4205607476635514, 0.411214953271028, 0.40186915887850466, 0.3925233644859813, 0.38317757009345793, 0.37383177570093457, 0.3644859813084112, 0.35514018691588783, 0.34579439252336447, 0.3364485981308411, 0.32710280373831774, 0.3177570093457944, 0.308411214953271, 0.29906542056074764, 0.2897196261682243, 0.2803738317757009, 0.27102803738317754, 0.2616822429906542, 0.2523364485981308, 0.24299065420560748, 0.2336448598130841, 0.22429906542056074, 0.21495327102803738, 0.205607476635514, 0.19626168224299065, 0.18691588785046728, 0.17757009345794392, 0.16822429906542055, 0.1588785046728972, 0.14953271028037382, 0.14018691588785046, 0.1308411214953271, 0.11214953271028037, 0.102803738317757, 0.09345794392523364, 0.08411214953271028, 0.07476635514018691, 0.06542056074766354, 0.056074766355140186, 0.04672897196261682, 0.037383177570093455, 0.028037383177570093, 0.018691588785046728, 0.0]}